id,label
1.jpg,玄関
2.jpg,洋室
3.jpg,玄関
4.jpg,玄関
5.jpg,トイレ
6.jpg,洋室
7.jpg,バルコニー
8.jpg,玄関
9.jpg,浴室
10.jpg,浴室
11.jpg,和室
12.jpg,玄関
13.jpg,クローゼット
14.jpg,玄関
15.jpg,収納
16.jpg,玄関
17.jpg,バルコニー
18.jpg,クローゼット
19.jpg,バルコニー
20.jpg,玄関
21.jpg,収納
22.jpg,玄関
23.jpg,トイレ
24.jpg,トイレ
25.jpg,浴室
26.jpg,浴室
27.jpg,収納
28.jpg,クローゼット
29.jpg,浴室
30.jpg,バルコニー
31.jpg,バルコニー
32.jpg,廊下
33.jpg,玄関
34.jpg,クローゼット
35.jpg,トイレ
36.jpg,収納
37.jpg,浴室
38.jpg,クローゼット
39.jpg,バルコニー
40.jpg,浴室
41.jpg,浴室
42.jpg,廊下
43.jpg,浴室
44.jpg,バルコニー
45.jpg,バルコニー
46.jpg,浴室
47.jpg,クローゼット
48.jpg,洋室
49.jpg,クローゼット
50.jpg,クローゼット
51.jpg,トイレ
52.jpg,玄関
53.jpg,浴室
54.jpg,バルコニー
55.jpg,玄関
56.jpg,玄関
57.jpg,トイレ
58.jpg,バルコニー
59.jpg,浴室
60.jpg,玄関
61.jpg,玄関
62.jpg,玄関
63.jpg,玄関
64.jpg,バルコニー
65.jpg,収納
66.jpg,玄関
67.jpg,トイレ
68.jpg,バルコニー
69.jpg,トイレ
70.jpg,玄関
71.jpg,玄関
72.jpg,浴室
73.jpg,玄関
74.jpg,トイレ
75.jpg,浴室
76.jpg,浴室
77.jpg,バルコニー
78.jpg,玄関
79.jpg,廊下
80.jpg,廊下
81.jpg,玄関
82.jpg,トイレ
83.jpg,浴室
84.jpg,浴室
85.jpg,収納
86.jpg,ホール
87.jpg,洋室
88.jpg,玄関
89.jpg,玄関
90.jpg,クローゼット
91.jpg,バルコニー
92.jpg,クローゼット
93.jpg,クローゼット
94.jpg,玄関
95.jpg,浴室
96.jpg,玄関
97.jpg,玄関
98.jpg,バルコニー
99.jpg,バルコニー
100.jpg,玄関
101.jpg,玄関
102.jpg,バルコニー
103.jpg,浴室
104.jpg,トイレ
105.jpg,トイレ
106.jpg,浴室
107.jpg,浴室
108.jpg,トイレ
109.jpg,玄関
110.jpg,浴室
111.jpg,浴室
112.jpg,玄関
113.jpg,収納
114.jpg,バルコニー
115.jpg,玄関
116.jpg,バルコニー
117.jpg,バルコニー
118.jpg,玄関
119.jpg,浴室
120.jpg,トイレ
121.jpg,バルコニー
122.jpg,クローゼット
123.jpg,浴室
124.jpg,玄関
125.jpg,廊下
126.jpg,バルコニー
127.jpg,収納
128.jpg,洋室
129.jpg,玄関
130.jpg,収納
131.jpg,玄関
132.jpg,玄関
133.jpg,バルコニー
134.jpg,浴室
135.jpg,浴室
136.jpg,玄関
137.jpg,廊下
138.jpg,浴室
139.jpg,バルコニー
140.jpg,収納
141.jpg,クローゼット
142.jpg,バルコニー
143.jpg,玄関
144.jpg,玄関
145.jpg,バルコニー
146.jpg,バルコニー
147.jpg,玄関
148.jpg,バルコニー
149.jpg,クローゼット
150.jpg,クローゼット
151.jpg,洋室
152.jpg,浴室
153.jpg,浴室
154.jpg,クローゼット
155.jpg,バルコニー
156.jpg,バルコニー
157.jpg,玄関
158.jpg,クローゼット
159.jpg,玄関
160.jpg,浴室
161.jpg,バルコニー
162.jpg,玄関
163.jpg,廊下
164.jpg,玄関
165.jpg,トイレ
166.jpg,玄関
167.jpg,浴室
168.jpg,収納
169.jpg,玄関
170.jpg,玄関
171.jpg,玄関
172.jpg,クローゼット
173.jpg,収納
174.jpg,洋室
175.jpg,バルコニー
176.jpg,バルコニー
177.jpg,バルコニー
178.jpg,バルコニー
179.jpg,玄関
180.jpg,収納
181.jpg,洋室
182.jpg,浴室
183.jpg,玄関
184.jpg,浴室
185.jpg,バルコニー
186.jpg,バルコニー
187.jpg,玄関
188.jpg,玄関
189.jpg,ホール
190.jpg,玄関
191.jpg,浴室
192.jpg,玄関
193.jpg,バルコニー
194.jpg,クローゼット
195.jpg,玄関
196.jpg,バルコニー
197.jpg,玄関
198.jpg,浴室
199.jpg,玄関
200.jpg,洋室
201.jpg,トイレ
202.jpg,洋室
203.jpg,クローゼット
204.jpg,玄関
205.jpg,浴室
206.jpg,玄関
207.jpg,玄関
208.jpg,収納
209.jpg,浴室
210.jpg,玄関
211.jpg,バルコニー
212.jpg,トイレ
213.jpg,廊下
214.jpg,トイレ
215.jpg,収納
216.jpg,浴室
217.jpg,玄関
218.jpg,バルコニー
219.jpg,玄関
220.jpg,玄関
221.jpg,バルコニー
222.jpg,バルコニー
223.jpg,玄関
224.jpg,収納
225.jpg,玄関
226.jpg,玄関
227.jpg,バルコニー
228.jpg,浴室
229.jpg,玄関
230.jpg,バルコニー
231.jpg,玄関
232.jpg,トイレ
233.jpg,収納
234.jpg,浴室
235.jpg,玄関
236.jpg,玄関
237.jpg,収納
238.jpg,バルコニー
239.jpg,廊下
240.jpg,収納
241.jpg,浴室
242.jpg,バルコニー
243.jpg,玄関
244.jpg,玄関
245.jpg,浴室
246.jpg,玄関
247.jpg,玄関
248.jpg,バルコニー
249.jpg,玄関
250.jpg,洋室
251.jpg,浴室
252.jpg,バルコニー
253.jpg,浴室
254.jpg,玄関
255.jpg,玄関
256.jpg,玄関
257.jpg,トイレ
258.jpg,玄関
259.jpg,クローゼット
260.jpg,バルコニー
261.jpg,洋室
262.jpg,バルコニー
263.jpg,トイレ
264.jpg,トイレ
265.jpg,バルコニー
266.jpg,廊下
267.jpg,バルコニー
268.jpg,浴室
269.jpg,浴室
270.jpg,玄関
271.jpg,浴室
272.jpg,玄関
273.jpg,バルコニー
274.jpg,玄関
275.jpg,トイレ
276.jpg,収納
277.jpg,廊下
278.jpg,廊下
279.jpg,浴室
280.jpg,収納
281.jpg,トイレ
282.jpg,廊下
283.jpg,バルコニー
284.jpg,玄関
285.jpg,バルコニー
286.jpg,玄関
287.jpg,バルコニー
288.jpg,バルコニー
289.jpg,浴室
290.jpg,バルコニー
291.jpg,洋室
292.jpg,浴室
293.jpg,玄関
294.jpg,洋室
295.jpg,和室
296.jpg,トイレ
297.jpg,バルコニー
298.jpg,クローゼット
299.jpg,バルコニー
300.jpg,廊下
301.jpg,玄関
302.jpg,バルコニー
303.jpg,洋室
304.jpg,玄関
305.jpg,クローゼット
306.jpg,玄関
307.jpg,浴室
308.jpg,浴室
309.jpg,洋室
310.jpg,浴室
311.jpg,ホール
312.jpg,洋室
313.jpg,浴室
314.jpg,玄関
315.jpg,玄関
316.jpg,浴室
317.jpg,洋室
318.jpg,洋室
319.jpg,玄関
320.jpg,玄関
321.jpg,バルコニー
322.jpg,浴室
323.jpg,バルコニー
324.jpg,浴室
325.jpg,廊下
326.jpg,バルコニー
327.jpg,玄関
328.jpg,玄関
329.jpg,バルコニー
330.jpg,洋室
331.jpg,トイレ
332.jpg,玄関
333.jpg,収納
334.jpg,玄関
335.jpg,玄関
336.jpg,バルコニー
337.jpg,浴室
338.jpg,トイレ
339.jpg,玄関
340.jpg,浴室
341.jpg,浴室
342.jpg,浴室
343.jpg,収納
344.jpg,洋室
345.jpg,バルコニー
346.jpg,バルコニー
347.jpg,玄関
348.jpg,玄関
349.jpg,玄関
350.jpg,クローゼット
351.jpg,玄関
352.jpg,浴室
353.jpg,クローゼット
354.jpg,浴室
355.jpg,トイレ
356.jpg,廊下
357.jpg,和室
358.jpg,浴室
359.jpg,浴室
360.jpg,浴室
361.jpg,トイレ
362.jpg,廊下
363.jpg,玄関
364.jpg,バルコニー
365.jpg,バルコニー
366.jpg,バルコニー
367.jpg,浴室
368.jpg,ホール
369.jpg,トイレ
370.jpg,バルコニー
371.jpg,収納
372.jpg,玄関
373.jpg,洋室
374.jpg,浴室
375.jpg,バルコニー
376.jpg,トイレ
377.jpg,収納
378.jpg,トイレ
379.jpg,浴室
380.jpg,クローゼット
381.jpg,クローゼット
382.jpg,ホール
383.jpg,玄関
384.jpg,収納
385.jpg,クローゼット
386.jpg,収納
387.jpg,収納
388.jpg,クローゼット
389.jpg,玄関
390.jpg,収納
391.jpg,玄関
392.jpg,浴室
393.jpg,バルコニー
394.jpg,玄関
395.jpg,玄関
396.jpg,バルコニー
397.jpg,トイレ
398.jpg,バルコニー
399.jpg,トイレ
400.jpg,玄関
401.jpg,バルコニー
402.jpg,バルコニー
403.jpg,トイレ
404.jpg,バルコニー
405.jpg,バルコニー
406.jpg,浴室
407.jpg,クローゼット
408.jpg,玄関
409.jpg,玄関
410.jpg,浴室
411.jpg,玄関
412.jpg,クローゼット
413.jpg,玄関
414.jpg,浴室
415.jpg,トイレ
416.jpg,洋室
417.jpg,玄関
418.jpg,バルコニー
419.jpg,洋室
420.jpg,ホール
421.jpg,玄関
422.jpg,浴室
423.jpg,浴室
424.jpg,バルコニー
425.jpg,洋室
426.jpg,収納
427.jpg,廊下
428.jpg,収納
429.jpg,バルコニー
430.jpg,玄関
431.jpg,洋室
432.jpg,バルコニー
433.jpg,玄関
434.jpg,玄関
435.jpg,バルコニー
436.jpg,玄関
437.jpg,廊下
438.jpg,浴室
439.jpg,和室
440.jpg,収納
441.jpg,玄関
442.jpg,玄関
443.jpg,トイレ
444.jpg,トイレ
445.jpg,浴室
446.jpg,玄関
447.jpg,浴室
448.jpg,玄関
449.jpg,玄関
450.jpg,玄関
451.jpg,廊下
452.jpg,玄関
453.jpg,浴室
454.jpg,玄関
455.jpg,トイレ
456.jpg,バルコニー
457.jpg,廊下
458.jpg,玄関
459.jpg,バルコニー
460.jpg,玄関
461.jpg,廊下
462.jpg,バルコニー
463.jpg,玄関
464.jpg,廊下
465.jpg,玄関
466.jpg,玄関
467.jpg,玄関
468.jpg,廊下
469.jpg,浴室
470.jpg,玄関
471.jpg,収納
472.jpg,浴室
473.jpg,収納
474.jpg,玄関
475.jpg,バルコニー
476.jpg,廊下
477.jpg,玄関
478.jpg,収納
479.jpg,玄関
480.jpg,玄関
481.jpg,収納
482.jpg,浴室
483.jpg,収納
484.jpg,バルコニー
485.jpg,玄関
486.jpg,バルコニー
487.jpg,玄関
488.jpg,収納
489.jpg,浴室
490.jpg,バルコニー
491.jpg,トイレ
492.jpg,トイレ
493.jpg,玄関
494.jpg,ホール
495.jpg,トイレ
496.jpg,バルコニー
497.jpg,廊下
498.jpg,玄関
499.jpg,玄関
500.jpg,バルコニー
501.jpg,玄関
502.jpg,玄関
503.jpg,バルコニー
504.jpg,トイレ
505.jpg,バルコニー
506.jpg,玄関
507.jpg,洋室
508.jpg,収納
509.jpg,収納
510.jpg,バルコニー
511.jpg,バルコニー
512.jpg,トイレ
513.jpg,玄関
514.jpg,収納
515.jpg,浴室
516.jpg,クローゼット
517.jpg,廊下
518.jpg,浴室
519.jpg,浴室
520.jpg,玄関
521.jpg,浴室
522.jpg,浴室
523.jpg,トイレ
524.jpg,浴室
525.jpg,トイレ
526.jpg,クローゼット
527.jpg,玄関
528.jpg,洋室
529.jpg,和室
530.jpg,玄関
531.jpg,廊下
532.jpg,バルコニー
533.jpg,洋室
534.jpg,トイレ
535.jpg,バルコニー
536.jpg,浴室
537.jpg,バルコニー
538.jpg,廊下
539.jpg,玄関
540.jpg,収納
541.jpg,玄関
542.jpg,玄関
543.jpg,玄関
544.jpg,玄関
545.jpg,バルコニー
546.jpg,玄関
547.jpg,玄関
548.jpg,バルコニー
549.jpg,玄関
550.jpg,玄関
551.jpg,浴室
552.jpg,洋室
553.jpg,玄関
554.jpg,玄関
555.jpg,バルコニー
556.jpg,浴室
557.jpg,浴室
558.jpg,バルコニー
559.jpg,浴室
560.jpg,バルコニー
561.jpg,バルコニー
562.jpg,洋室
563.jpg,玄関
564.jpg,玄関
565.jpg,浴室
566.jpg,浴室
567.jpg,玄関
568.jpg,玄関
569.jpg,クローゼット
570.jpg,玄関
571.jpg,トイレ
572.jpg,バルコニー
573.jpg,洋室
574.jpg,浴室
575.jpg,浴室
576.jpg,トイレ
577.jpg,浴室
578.jpg,バルコニー
579.jpg,浴室
580.jpg,トイレ
581.jpg,玄関
582.jpg,バルコニー
583.jpg,洋室
584.jpg,浴室
585.jpg,玄関
586.jpg,トイレ
587.jpg,収納
588.jpg,廊下
589.jpg,クローゼット
590.jpg,トイレ
591.jpg,玄関
592.jpg,クローゼット
593.jpg,玄関
594.jpg,玄関
595.jpg,浴室
596.jpg,バルコニー
597.jpg,浴室
598.jpg,浴室
599.jpg,浴室
600.jpg,バルコニー
601.jpg,玄関
602.jpg,収納
603.jpg,玄関
604.jpg,収納
605.jpg,バルコニー
606.jpg,バルコニー
607.jpg,クローゼット
608.jpg,トイレ
609.jpg,浴室
610.jpg,浴室
611.jpg,玄関
612.jpg,バルコニー
613.jpg,廊下
614.jpg,玄関
615.jpg,洋室
616.jpg,洋室
617.jpg,洋室
618.jpg,バルコニー
619.jpg,トイレ
620.jpg,浴室
621.jpg,ホール
622.jpg,玄関
623.jpg,バルコニー
624.jpg,玄関
625.jpg,クローゼット
626.jpg,バルコニー
627.jpg,浴室
628.jpg,クローゼット
629.jpg,収納
630.jpg,廊下
631.jpg,洋室
632.jpg,バルコニー
633.jpg,トイレ
634.jpg,バルコニー
635.jpg,浴室
636.jpg,浴室
637.jpg,浴室
638.jpg,収納
639.jpg,クローゼット
640.jpg,クローゼット
641.jpg,玄関
642.jpg,クローゼット
643.jpg,バルコニー
644.jpg,ホール
645.jpg,玄関
646.jpg,クローゼット
647.jpg,玄関
648.jpg,クローゼット
649.jpg,浴室
650.jpg,浴室
651.jpg,バルコニー
652.jpg,廊下
653.jpg,浴室
654.jpg,クローゼット
655.jpg,玄関
656.jpg,バルコニー
657.jpg,玄関
658.jpg,洋室
659.jpg,バルコニー
660.jpg,バルコニー
661.jpg,浴室
662.jpg,玄関
663.jpg,バルコニー
664.jpg,浴室
665.jpg,玄関
666.jpg,玄関
667.jpg,バルコニー
668.jpg,玄関
669.jpg,廊下
670.jpg,玄関
671.jpg,バルコニー
672.jpg,バルコニー
673.jpg,バルコニー
674.jpg,浴室
675.jpg,玄関
676.jpg,玄関
677.jpg,洋室
678.jpg,玄関
679.jpg,トイレ
680.jpg,浴室
681.jpg,トイレ
682.jpg,トイレ
683.jpg,バルコニー
684.jpg,浴室
685.jpg,廊下
686.jpg,玄関
687.jpg,収納
688.jpg,玄関
689.jpg,バルコニー
690.jpg,玄関
691.jpg,洋室
692.jpg,浴室
693.jpg,バルコニー
694.jpg,収納
695.jpg,収納
696.jpg,バルコニー
697.jpg,玄関
698.jpg,洋室
699.jpg,玄関
700.jpg,トイレ
701.jpg,和室
702.jpg,バルコニー
703.jpg,バルコニー
704.jpg,浴室
705.jpg,玄関
706.jpg,トイレ
707.jpg,玄関
708.jpg,浴室
709.jpg,クローゼット
710.jpg,廊下
711.jpg,バルコニー
712.jpg,浴室
713.jpg,収納
714.jpg,玄関
715.jpg,廊下
716.jpg,ホール
717.jpg,トイレ
718.jpg,洋室
719.jpg,浴室
720.jpg,浴室
721.jpg,浴室
722.jpg,バルコニー
723.jpg,バルコニー
724.jpg,バルコニー
725.jpg,玄関
726.jpg,収納
727.jpg,バルコニー
728.jpg,玄関
729.jpg,洋室
730.jpg,浴室
731.jpg,玄関
732.jpg,バルコニー
733.jpg,収納
734.jpg,浴室
735.jpg,バルコニー
736.jpg,玄関
737.jpg,玄関
738.jpg,洋室
739.jpg,玄関
740.jpg,玄関
741.jpg,玄関
742.jpg,玄関
743.jpg,収納
744.jpg,洋室
745.jpg,収納
746.jpg,玄関
747.jpg,玄関
748.jpg,玄関
749.jpg,玄関
750.jpg,玄関
751.jpg,浴室
752.jpg,洋室
753.jpg,トイレ
754.jpg,浴室
755.jpg,洋室
756.jpg,バルコニー
757.jpg,収納
758.jpg,トイレ
759.jpg,玄関
760.jpg,浴室
761.jpg,廊下
762.jpg,浴室
763.jpg,バルコニー
764.jpg,収納
765.jpg,トイレ
766.jpg,浴室
767.jpg,浴室
768.jpg,クローゼット
769.jpg,玄関
770.jpg,トイレ
771.jpg,バルコニー
772.jpg,玄関
773.jpg,ホール
774.jpg,玄関
775.jpg,浴室
776.jpg,玄関
777.jpg,バルコニー
778.jpg,玄関
779.jpg,玄関
780.jpg,収納
781.jpg,玄関
782.jpg,洋室
783.jpg,バルコニー
784.jpg,収納
785.jpg,玄関
786.jpg,浴室
787.jpg,トイレ
788.jpg,玄関
789.jpg,クローゼット
790.jpg,収納
791.jpg,浴室
792.jpg,バルコニー
793.jpg,トイレ
794.jpg,収納
795.jpg,バルコニー
796.jpg,廊下
797.jpg,浴室
798.jpg,玄関
799.jpg,浴室
800.jpg,トイレ
801.jpg,バルコニー
802.jpg,バルコニー
803.jpg,玄関
804.jpg,玄関
805.jpg,バルコニー
806.jpg,収納
807.jpg,洋室
808.jpg,浴室
809.jpg,バルコニー
810.jpg,バルコニー
811.jpg,玄関
812.jpg,収納
813.jpg,バルコニー
814.jpg,トイレ
815.jpg,収納
816.jpg,浴室
817.jpg,廊下
818.jpg,玄関
819.jpg,トイレ
820.jpg,玄関
821.jpg,浴室
822.jpg,玄関
823.jpg,トイレ
824.jpg,洋室
825.jpg,クローゼット
826.jpg,トイレ
827.jpg,玄関
828.jpg,玄関
829.jpg,バルコニー
830.jpg,廊下
831.jpg,浴室
832.jpg,クローゼット
833.jpg,浴室
834.jpg,クローゼット
835.jpg,洋室
836.jpg,玄関
837.jpg,廊下
838.jpg,廊下
839.jpg,浴室
840.jpg,トイレ
841.jpg,廊下
842.jpg,浴室
843.jpg,廊下
844.jpg,浴室
845.jpg,浴室
846.jpg,バルコニー
847.jpg,浴室
848.jpg,トイレ
849.jpg,クローゼット
850.jpg,バルコニー
851.jpg,収納
852.jpg,玄関
853.jpg,玄関
854.jpg,洋室
855.jpg,浴室
856.jpg,浴室
857.jpg,玄関
858.jpg,収納
859.jpg,トイレ
860.jpg,玄関
861.jpg,浴室
862.jpg,玄関
863.jpg,収納
864.jpg,浴室
865.jpg,玄関
866.jpg,玄関
867.jpg,収納
868.jpg,バルコニー
869.jpg,バルコニー
870.jpg,玄関
871.jpg,浴室
872.jpg,洋室
873.jpg,収納
874.jpg,バルコニー
875.jpg,トイレ
876.jpg,玄関
877.jpg,玄関
878.jpg,玄関
879.jpg,洋室
880.jpg,玄関
881.jpg,玄関
882.jpg,玄関
883.jpg,洋室
884.jpg,バルコニー
885.jpg,トイレ
886.jpg,浴室
887.jpg,バルコニー
888.jpg,収納
889.jpg,玄関
890.jpg,浴室
891.jpg,玄関
892.jpg,玄関
893.jpg,収納
894.jpg,玄関
895.jpg,洋室
896.jpg,収納
897.jpg,玄関
898.jpg,浴室
899.jpg,クローゼット
900.jpg,玄関
901.jpg,クローゼット
902.jpg,洋室
903.jpg,玄関
904.jpg,クローゼット
905.jpg,トイレ
906.jpg,クローゼット
907.jpg,玄関
908.jpg,浴室
909.jpg,玄関
910.jpg,バルコニー
911.jpg,バルコニー
912.jpg,収納
913.jpg,洋室
914.jpg,廊下
915.jpg,バルコニー
916.jpg,バルコニー
917.jpg,バルコニー
918.jpg,浴室
919.jpg,収納
920.jpg,玄関
921.jpg,浴室
922.jpg,浴室
923.jpg,バルコニー
924.jpg,クローゼット
925.jpg,クローゼット
926.jpg,クローゼット
927.jpg,廊下
928.jpg,洋室
929.jpg,玄関
930.jpg,トイレ
931.jpg,玄関
932.jpg,クローゼット
933.jpg,バルコニー
934.jpg,クローゼット
935.jpg,玄関
936.jpg,廊下
937.jpg,トイレ
938.jpg,洋室
939.jpg,洋室
940.jpg,玄関
941.jpg,玄関
942.jpg,バルコニー
943.jpg,収納
944.jpg,収納
945.jpg,玄関
946.jpg,収納
947.jpg,玄関
948.jpg,トイレ
949.jpg,バルコニー
950.jpg,クローゼット
951.jpg,廊下
952.jpg,玄関
953.jpg,バルコニー
954.jpg,玄関
955.jpg,バルコニー
956.jpg,トイレ
957.jpg,玄関
958.jpg,浴室
959.jpg,玄関
960.jpg,トイレ
961.jpg,玄関
962.jpg,浴室
963.jpg,バルコニー
964.jpg,浴室
965.jpg,バルコニー
966.jpg,玄関
967.jpg,洋室
968.jpg,バルコニー
969.jpg,浴室
970.jpg,浴室
971.jpg,浴室
972.jpg,玄関
973.jpg,浴室
974.jpg,トイレ
975.jpg,玄関
976.jpg,バルコニー
977.jpg,玄関
978.jpg,バルコニー
979.jpg,洋室
980.jpg,トイレ
981.jpg,玄関
982.jpg,トイレ
983.jpg,クローゼット
984.jpg,バルコニー
985.jpg,収納
986.jpg,玄関
987.jpg,玄関
988.jpg,浴室
989.jpg,玄関
990.jpg,トイレ
991.jpg,バルコニー
992.jpg,浴室
993.jpg,廊下
994.jpg,クローゼット
995.jpg,玄関
996.jpg,浴室
997.jpg,バルコニー
998.jpg,浴室
999.jpg,トイレ
1000.jpg,トイレ
1001.jpg,玄関
1002.jpg,トイレ
1003.jpg,トイレ
1004.jpg,トイレ
1005.jpg,浴室
1006.jpg,バルコニー
1007.jpg,玄関
1008.jpg,バルコニー
1009.jpg,廊下
1010.jpg,クローゼット
1011.jpg,玄関
1012.jpg,収納
1013.jpg,バルコニー
1014.jpg,廊下
1015.jpg,玄関
1016.jpg,浴室
1017.jpg,洋室
1018.jpg,浴室
1019.jpg,浴室
1020.jpg,バルコニー
1021.jpg,浴室
1022.jpg,トイレ
1023.jpg,玄関
1024.jpg,浴室
1025.jpg,収納
1026.jpg,トイレ
1027.jpg,トイレ
1028.jpg,洋室
1029.jpg,玄関
1030.jpg,クローゼット
1031.jpg,廊下
1032.jpg,浴室
1033.jpg,トイレ
1034.jpg,浴室
1035.jpg,玄関
1036.jpg,バルコニー
1037.jpg,トイレ
1038.jpg,バルコニー
1039.jpg,玄関
1040.jpg,廊下
1041.jpg,玄関
1042.jpg,ホール
1043.jpg,洋室
1044.jpg,洋室
1045.jpg,洋室
1046.jpg,収納
1047.jpg,玄関
1048.jpg,玄関
1049.jpg,バルコニー
1050.jpg,収納
1051.jpg,玄関
1052.jpg,玄関
1053.jpg,浴室
1054.jpg,玄関
1055.jpg,クローゼット
1056.jpg,玄関
1057.jpg,玄関
1058.jpg,バルコニー
1059.jpg,玄関
1060.jpg,洋室
1061.jpg,収納
1062.jpg,バルコニー
1063.jpg,バルコニー
1064.jpg,収納
1065.jpg,浴室
1066.jpg,クローゼット
1067.jpg,バルコニー
1068.jpg,収納
1069.jpg,玄関
1070.jpg,玄関
1071.jpg,玄関
1072.jpg,玄関
1073.jpg,トイレ
1074.jpg,洋室
1075.jpg,浴室
1076.jpg,浴室
1077.jpg,洋室
1078.jpg,収納
1079.jpg,収納
1080.jpg,洋室
1081.jpg,玄関
1082.jpg,クローゼット
1083.jpg,玄関
1084.jpg,バルコニー
1085.jpg,玄関
1086.jpg,玄関
1087.jpg,トイレ
1088.jpg,玄関
1089.jpg,バルコニー
1090.jpg,玄関
1091.jpg,トイレ
1092.jpg,玄関
1093.jpg,バルコニー
1094.jpg,浴室
1095.jpg,玄関
1096.jpg,浴室
1097.jpg,収納
1098.jpg,玄関
1099.jpg,玄関
1100.jpg,バルコニー
1101.jpg,バルコニー
1102.jpg,収納
1103.jpg,玄関
1104.jpg,トイレ
1105.jpg,収納
1106.jpg,洋室
1107.jpg,トイレ
1108.jpg,バルコニー
1109.jpg,トイレ
1110.jpg,玄関
1111.jpg,バルコニー
1112.jpg,クローゼット
1113.jpg,バルコニー
1114.jpg,玄関
1115.jpg,玄関
1116.jpg,洋室
1117.jpg,玄関
1118.jpg,玄関
1119.jpg,廊下
1120.jpg,玄関
1121.jpg,玄関
1122.jpg,玄関
1123.jpg,浴室
